Workbook

Sheet Sensor40
A1: Load | B1: Run | C1: R_nominal | D1: R_measured | E1: Delta | F1: V_mMeter(+-0,005) | G1: V_bus_INA226 | H1: Delta | I1: Error (%) | J1: I_mMeter (mA, +-0,01) | K1: I_INA226(mA) | L1: Delta | M1: Error (%) | N1: I_theoretical (mA) | P1: Tid(s) V | Q1: Tid(s) I
A2: 0 | B2: run1 | F2: 3.302 | G2: =AVERAGE(Sensor40_Voltage_3_3V!B2:B90) -> 3.3706876 | H2: =G2-F2 -> 0.06868764 | I2: =(G2-F2)/F2*100 -> 2.0801829 | J2: 0 | K2: =AVERAGE(Sensor40_Current_3_3V!C5:C95) -> -0.014835165 | L2: =K2-J2 -> -0.014835165 | M2: =(K2-J2)/J2*100 -> #DIV/0! | P2: 1000 | Q2: 100
A3: 220 | B3: run2 | C3: 220 | F3: 3.291 | G3: =AVERAGE(Sensor40_Voltage_3_3V!B100:B189) -> 3.3591733 | H3: =G3-F3 -> 0.068173333 | I3: =(G3-F3)/F3*100 -> 2.0715082 | J3: 14.87 | K3: =AVERAGE(Sensor40_Current_3_3V!C205:C295) -> 14.390385 | L3: =K3-J3 -> -0.47961538 | M3: =(K3-J3)/J3*100 -> -3.2253893 | N3: =F3/C3*1000 -> 14.959091 | P3: 1100 | Q3: 300
A4: 2 x220 (Parallel) | B4: run3 | C4: 110 | F4: 3.28 | G4: =AVERAGE(Sensor40_Voltage_3_3V!B198:B287) -> 3.3478856 | H4: =G4-F4 -> 0.067885556 | I4: =(G4-F4)/F4*100 -> 2.0696816 | J4: 29.05 | K4: =AVERAGE(Sensor40_Current_3_3V!C305:C395) -> 28.700824 | L4: =K4-J4 -> -0.34917582 | M4: =(K4-J4)/J4*100 -> -1.2019822 | N4: =F4/C4*1000 -> 29.818182 | P4: 1300 | Q4: 400
A5: 3 x 220 (Parallel) | B5: run4 | C5: 73.3 | F5: 3.269 | G5: =AVERAGE(Sensor40_Voltage_3_3V!B297:B385) -> 3.3363 | H5: =G5-F5 -> 0.0673 | I5: =(G5-F5)/F5*100 -> 2.0587336 | J5: 42.9 | K5: =AVERAGE(Sensor40_Current_3_3V!C405:C495) -> 42.677473 | L5: =K5-J5 -> -0.22252747 | M5: =(K5-J5)/J5*100 -> -0.51871206 | N5: =F5/C5*1000 -> 44.597544 | P5: 1400 | Q5: 500
A6: 4x220 (Parallel) | B6: run5 | C6: 55 | F6: 3.117 | G6: =AVERAGE(Sensor40_Voltage_3_3V!B399:B487) -> 3.1836528 | H6: =G6-F6 -> 0.066652809 | I6: =(G6-F6)/F6*100 -> 2.1383641 | J6: 55.1 | K6: =AVERAGE(Sensor40_Current_3_3V!C505:C595) -> 53.350568 | L6: =K6-J6 -> -1.7494318 | M6: =(K6-J6)/J6*100 -> -3.1750124 | N6: =F6/C6*1000 -> 56.672727 | P6: 1404 | Q6: 600
A7: avg

Sheet Sensor40_Voltage_3_3V
A1: time_s | B1: bus1_V | C1: current1_mA | D1: power1_mW | E1: shunt1_mV
A2: 1000.45 | B2: 3.3712 | C2: 0 | D2: 0 | E2: 0
A3: 1001.47 | B3: 3.37 | C3: 0 | D3: 0 | E3: 0
A4: 1002.48 | B4: 3.37 | C4: 0 | D4: 0 | E4: 0
A5: 1003.5 | B5: 3.37 | C5: 0 | D5: 0 | E5: 0
A6: 1004.52 | B6: 3.37 | C6: 0.025 | D6: 0 | E6: 0.0025
A7: 1005.54 | B7: 3.37 | C7: 0 | D7: 0 | E7: 0
A8: 1006.56 | B8: 3.37 | C8: 0 | D8: 0 | E8: 0
A9: 1007.58 | B9: 3.37 | C9: 0 | D9: 0 | E9: 0
A10: 1008.59 | B10: 3.37 | C10: 0.025 | D10: 0 | E10: 0.0025
A11: 1009.61 | B11: 3.37 | C11: 0.025 | D11: 0 | E11: 0.0025
A12: 1010.63 | B12: 3.3712 | C12: 0 | D12: 0 | E12: 0
A13: 1011.65 | B13: 3.37 | C13: 0 | D13: 0 | E13: 0
... A498: 1505.78 | B498: 3.1875 | C498: 54.975 | D498: 175 | E498: 5.4975

Sheet Sensor40_Current_3_3V
A1: time_s | B1: bus1_V | C1: current1_mA | D1: power1_mW | E1: shunt1_mV
A2: 100.49 | B2: 3.3712 | C2: -0.05 | D2: 0 | E2: -0.005
A3: 101.51 | B3: 3.3712 | C3: -0.05 | D3: 0 | E3: -0.005
A4: 102.53 | B4: 3.3712 | C4: -0.05 | D4: 0 | E4: -0.005
A5: 103.54 | B5: 3.3712 | C5: -0.05 | D5: 0 | E5: -0.005
A6: 104.56 | B6: 3.3712 | C6: -0.05 | D6: 0 | E6: -0.005
A7: 105.58 | B7: 3.3712 | C7: -0.05 | D7: 0 | E7: -0.005
A8: 106.6 | B8: 3.37 | C8: -0.05 | D8: 0 | E8: -0.005
A9: 107.62 | B9: 3.3712 | C9: -0.05 | D9: 0 | E9: -0.005
A10: 108.64 | B10: 3.3712 | C10: -0.05 | D10: 0 | E10: -0.005
A11: 109.66 | B11: 3.3725 | C11: -0.05 | D11: 0 | E11: -0.005
A12: 110.68 | B12: 3.3712 | C12: -0.05 | D12: 0 | E12: -0.005
A13: 111.7 | B13: 3.3725 | C13: -0.05 | D13: 0 | E13: -0.005
... A592: 701.63 | B592: 3.09 | C592: 53.4 | D592: 165 | E592: 5.34

Sheet Sensor41
A1: Load | B1: Run | C1: R_nominal | D1: R_measured | E1: Delta | F1: V_mMeter | G1: V_bus_INA226 | H1: Delta | I1: Error(%) | J1: I_mMeter | K1: I_INA226 | L1: Delta | M1: Error (%) | N1: I_theoretical | O1: Error (%) | Q1: Tid(s) V | R1: Tid(s) I
A2: 0 | B2: run1 | F2: 3.303 | G2: =AVERAGE(Sensor41_Voltage_3_3V!B2:B91) -> 3.3689333 | H2: =G2-F2 -> 0.065933333 | I2: =(G2-F2)/F2*100 -> 1.9961651 | M2: =(K2-J2)/J2*100 -> #DIV/0! | Q2: 200-230
A3: 220 | B3: run2 | C3: 220 | F3: 3.291 | G3: =AVERAGE(Sensor41_Voltage_3_3V!B101:B189) -> 3.357236 | H3: =G3-F3 -> 0.066235955 | I3: =(G3-F3)/F3*100 -> 2.0126392 | M3: =(K3-J3)/J3*100 -> #DIV/0! | Q3: 301-330
A4: 2 x220 (Parallel) | B4: run3 | C4: 110 | F4: 3.279 | G4: =AVERAGE(Sensor41_Voltage_3_3V!B199:B287) -> 3.3449854 | H4: =G4-F4 -> 0.065985393 | I4: =(G4-F4)/F4*100 -> 2.0123633 | M4: =(K4-J4)/J4*100 -> #DIV/0! | Q4: 400-430
A5: 3 x 220 (Parallel) | B5: run4 | C5: 73.3 | F5: 3.267 | G5: =AVERAGE(Sensor41_Voltage_3_3V!B297:B385) -> 3.3325584 | H5: =G5-F5 -> 0.065558427 | I5: =(G5-F5)/F5*100 -> 2.0066859 | M5: =(K5-J5)/J5*100 -> #DIV/0! | Q5: 500-530
A6: 4x220 (Parallel) | B6: run5 | C6: 55 | F6: 3.116 | G6: =AVERAGE(Sensor41_Voltage_3_3V!B395:B483) -> 3.1797809 | H6: =G6-F6 -> 0.063780899 | I6: =(G6-F6)/F6*100 -> 2.0468838 | M6: =(K6-J6)/J6*100 -> #DIV/0! | Q6: 600-630
F7: 0.005

Sheet Sensor41_Voltage_3_3V
A1: time_s | B1: bus2_V | C1: current2_mA | D1: power2_mW | E1: shunt2_mV
A2: 200.2 | B2: 3.3688 | C2: 0.025 | D2: 0 | E2: 0.0025
A3: 201.22 | B3: 3.3688 | C3: 0 | D3: 0 | E3: 0
A4: 202.24 | B4: 3.37 | C4: 0 | D4: 0 | E4: 0
A5: 203.26 | B5: 3.3688 | C5: 0.025 | D5: 0 | E5: 0.0025
A6: 204.27 | B6: 3.3688 | C6: 0 | D6: 0 | E6: 0
A7: 205.29 | B7: 3.3688 | C7: 0 | D7: 0 | E7: 0
A8: 206.31 | B8: 3.37 | C8: 0.025 | D8: 0 | E8: 0.0025
A9: 207.33 | B9: 3.3688 | C9: 0.025 | D9: 0 | E9: 0.0025
A10: 208.35 | B10: 3.3688 | C10: 0.025 | D10: 0 | E10: 0.0025
A11: 209.36 | B11: 3.37 | C11: 0 | D11: 0 | E11: 0
A12: 210.38 | B12: 3.3688 | C12: 0 | D12: 0 | E12: 0
A13: 211.4 | B13: 3.3688 | C13: 0.025 | D13: 0 | E13: 0.0025
... A492: 699.34 | B492: 3.1837 | C492: 56.75 | D492: 180.625 | E492: 5.675

Sheet Sensor44
A1: Load | B1: Run | C1: R_nominal | D1: R_measured | E1: Delta | F1: V_mMeter | G1: V_bus_INA226 | H1: Delta | I1: Error(%) | J1: I_mMeter | K1: I_INA226 | L1: Delta | M1: Error (%) | N1: I_theoretical | P1: Tid(s)
A2: 0 | B2: run1 | F2: 3.303 | G2: =AVERAGE(Sensor44_Voltage_3_3V!B2:B91) -> 3.48524 | H2: =G2-F2 -> 0.18224 | I2: =(G2-F2)/F2*100 -> 5.5174084 | P2: 100
A3: 220 | B3: run2 | C3: 220 | F3: 3.292 | G3: =AVERAGE(Sensor44_Voltage_3_3V!B100:B189) -> 3.4731789 | H3: =G3-F3 -> 0.18117889 | I3: =(G3-F3)/F3*100 -> 5.5036114 | P3: 200
A4: 2 x220 | B4: run3 | C4: 110 | F4: 3.28 | G4: =AVERAGE(Sensor44_Voltage_3_3V!B199:B287) -> 3.4613 | H4: =G4-F4 -> 0.1813 | I4: =(G4-F4)/F4*100 -> 5.527439 | P4: 300
A5: 3 x 220 | B5: run4 | C5: 73.3 | F5: 3.268 | G5: =AVERAGE(Sensor44_Voltage_3_3V!B297:B385) -> 3.4489213 | H5: =G5-F5 -> 0.18092135 | I5: =(G5-F5)/F5*100 -> 5.536149 | P5: 400
A6: 4x220_parallel | B6: run5 | C6: 55 | F6: 3.116 | G6: =AVERAGE(Sensor44_Voltage_3_3V!B395:B483) -> 3.2888798 | H6: =G6-F6 -> 0.17287978 | I6: =(G6-F6)/F6*100 -> 5.5481314 | P6: 500
F8: 0.005

Sheet Sensor44_Voltage_3_3V
A1: time_s | B1: bus3_V | C1: current3_mA | D1: power3_mW | E1: shunt3_mV
A2: 100.41 | B2: 3.485 | C2: -0.125 | D2: 0 | E2: -0.0125
A3: 101.43 | B3: 3.485 | C3: -0.1 | D3: 0 | E3: -0.01
A4: 102.44 | B4: 3.485 | C4: -0.125 | D4: 0 | E4: -0.0125
A5: 103.46 | B5: 3.485 | C5: -0.125 | D5: 0 | E5: -0.0125
A6: 104.48 | B6: 3.485 | C6: -0.125 | D6: 0 | E6: -0.0125
A7: 105.5 | B7: 3.485 | C7: -0.125 | D7: 0 | E7: -0.0125
A8: 106.52 | B8: 3.485 | C8: -0.125 | D8: 0 | E8: -0.0125
A9: 107.54 | B9: 3.485 | C9: -0.1 | D9: 0 | E9: -0.01
A10: 108.55 | B10: 3.4862 | C10: -0.125 | D10: 0 | E10: -0.0125
A11: 109.57 | B11: 3.485 | C11: -0.125 | D11: 0 | E11: -0.0125
A12: 110.59 | B12: 3.485 | C12: -0.125 | D12: 0 | E12: -0.0125
A13: 111.61 | B13: 3.485 | C13: -0.125 | D13: 0 | E13: -0.0125
... A495: 602.28 | B495: 3.2925 | C495: 56.5 | D495: 186.25 | E495: 5.65

Sheet Sensor45
A1: Load | B1: Run | C1: R_nominal | D1: R_measured | E1: Delta | F1: V_supply | G1: V_bus_INA226 | H1: Delta | I1: Error(%) | J1: I_INA226 | K1: I_ref | L1: Delta | M1: Error(%) | N1: I_theoretical | O1: Error (%) | P1: Tid(s)
A2: 0 | B2: run1 | F2: 3.303 | G2: =AVERAGE(Sensor45_Voltage_3_3V!B2:B90) -> 3.3674202 | H2: =G2-F2 -> 0.064420225 | I2: =(G2-F2)/F2*100 -> 1.950355 | P2: 100
A3: 220 | B3: run2 | C3: 220 | F3: 3.291 | G3: =AVERAGE(Sensor45_Voltage_3_3V!B100:B189) -> 3.3550722 | H3: =G3-F3 -> 0.064072222 | I3: =(G3-F3)/F3*100 -> 1.9468922 | P3: 200
A4: 2 x220 | B4: run3 | C4: 110 | F4: 3.279 | G4: =AVERAGE(Sensor45_Voltage_3_3V!B198:B287) -> 3.3427933 | H4: =G4-F4 -> 0.063793333 | I4: =(G4-F4)/F4*100 -> 1.9455118 | P4: 300
A5: 3 x 220 | B5: run4 | C5: 73.3 | F5: 3.267 | G5: =AVERAGE(Sensor45_Voltage_3_3V!B297:B385) -> 3.3311191 | H5: =G5-F5 -> 0.064119101 | I5: =(G5-F5)/F5*100 -> 1.9626294 | P5: 400
A6: 4x220_parallel | B6: run5 | C6: 55 | F6: 3.11 | G6: =AVERAGE(Sensor45_Voltage_3_3V!B395:B483) -> 3.1732416 | H6: =G6-F6 -> 0.063241573 | I6: =(G6-F6)/F6*100 -> 2.0334911 | P6: 500

Sheet Sensor45_Voltage_3_3V
A1: time_s | B1: bus4_V | C1: current4_mA | D1: power4_mW | E1: shunt4_mV
A2: 100.41 | B2: 3.3675 | C2: -0.05 | D2: 0 | E2: -0.005
A3: 101.43 | B3: 3.3663 | C3: -0.05 | D3: 0 | E3: -0.005
A4: 102.45 | B4: 3.3675 | C4: -0.05 | D4: 0 | E4: -0.005
A5: 103.47 | B5: 3.3675 | C5: -0.05 | D5: 0 | E5: -0.005
A6: 104.49 | B6: 3.3675 | C6: -0.05 | D6: 0 | E6: -0.005
A7: 105.5 | B7: 3.3675 | C7: -0.05 | D7: 0 | E7: -0.005
A8: 106.52 | B8: 3.3675 | C8: -0.05 | D8: 0 | E8: -0.005
A9: 107.54 | B9: 3.3675 | C9: -0.05 | D9: 0 | E9: -0.005
A10: 108.56 | B10: 3.3675 | C10: -0.05 | D10: 0 | E10: -0.005
A11: 109.58 | B11: 3.3663 | C11: -0.05 | D11: 0 | E11: -0.005
A12: 110.6 | B12: 3.3675 | C12: -0.05 | D12: 0 | E12: -0.005
A13: 111.61 | B13: 3.3675 | C13: -0.05 | D13: 0 | E13: -0.005
... A494: 601.66 | B494: 3.17 | C494: 67.025 | D494: 212.5 | E494: 6.7025
